id,iou,dice,precision,recall,n_pred,n_gt,egg_area,contrast,split,count_ok,too_many,too_few
test__egg__not_damaged_125_jpg.rf.b19353b1f84dcbef1ec088b850927bb3,0.00039870818547904787,0.0007970985612370969,0.0005422405379026135,0.0015039855617386072,1,2,0.04155625,41.91582107543945,dev,False,False,True
test__egg__not_damaged_14_jpg.rf.dc96559078b03433d2b65e5055904af1,0.8500042636650464,0.9189214104632404,0.9458202865547016,0.8935102187163858,1,1,0.069725,74.93032836914062,dev,True,False,False
test__egg__not_damaged_152_jpg.rf.a57edb18d395ce87e23f7abccbd1ad69,0.928751143641354,0.9630595908686629,0.9930300807043286,0.9348451709450903,1,1,0.05429375,61.81917953491211,dev,True,False,False
test__egg__not_damaged_161_jpg.rf.fd216aa5e11e147fc1527478cceae94e,0.7326273990734613,0.8456837280366692,0.9290252967270112,0.7760640961442163,1,1,0.1248125,80.01616668701172,dev,True,False,False
test__egg__not_damaged_1_jpg.rf.d74c98a14f068b48c1f58fd573361f1f,0.9620977249901751,0.9806827791872524,0.9671656204732013,0.994583126438857,1,1,0.13845625,126.79580688476562,dev,True,False,False
test__egg__not_damaged_30_jpg.rf.48e9261777355fe67139ac1c5eae596b,0.45859375,0.6288162828066417,0.5741326736091134,0.6950132330408135,1,1,0.0897375,95.97126770019531,dev,True,False,False
test__egg__not_damaged_43_jpg.rf.66c31342150e751c30214786e72c8683,0.6108741397941193,0.7584380737184013,0.6490814599951655,0.912109375,2,1,0.1472,158.3058624267578,dev,False,True,False
test__egg__not_damaged_4_jpg.rf.36c78b63ea4710d9642651ac3292fd58,0.5405587868716244,0.7017697623461993,0.962148172112585,0.5523041413525057,1,1,0.23558125,42.979984283447266,dev,True,False,False
train__egg__not_damaged_100_jpg.rf.5d780a6024004fa2f68741fa56ddf4c9,0.31750070071796643,0.48197424190354626,0.9607881516278463,0.3216688510266492,1,1,0.286125,69.54021453857422,dev,True,False,False
train__egg__not_damaged_103_jpg.rf.c0bd961caec5acf3a6582c9cb2551634,0.35125983771581964,0.5198997674786103,0.9931861307572882,0.3521083692627588,1,3,0.20439375,84.3953628540039,dev,False,False,True
train__egg__not_damaged_104_jpg.rf.3bf8cb51d5ad8934390c8e2c3b79b32f,0.16110895299625852,0.27750876019087534,0.1800648964855354,0.6048046665131629,1,1,0.08143125,25.989904403686523,dev,True,False,False
train__egg__not_damaged_105_jpg.rf.6b94b57d4e4cb521abbec55bb95c2a76,0.9766162906508465,0.9881698286815931,0.9896875548534316,0.9866567503718611,3,3,0.1428625,106.9447021484375,dev,True,False,False
train__egg__not_damaged_106_jpg.rf.4ab043b322cc9e55bdf788a4d69ae74b,0.5879690172014888,0.7405295831749652,0.8860759493670886,0.6360520158876979,1,1,0.11486875,39.527618408203125,dev,True,False,False
train__egg__not_damaged_10_jpg.rf.2347ffa54eea250ab240def10a3eb78f,0.7948944309571103,0.8857283383883925,0.9510606460698882,0.8287949681675232,1,3,0.08148125,113.71995544433594,dev,False,False,True
train__egg__not_damaged_110_jpg.rf.2de10ae949146248df94e52f9065bdd8,0.7213038515198917,0.8380900918602937,0.9117191257414632,0.7754647516021999,1,1,0.13750625,60.41847610473633,dev,True,False,False
train__egg__not_damaged_111_jpg.rf.d56bdd5f452dfc3935b4d6962ed33309,0.0001581319347442216,0.00031621386597802315,0.00034946706272933774,0.00028873917228103947,1,1,0.129875,36.04582977294922,dev,True,False,False
train__egg__not_damaged_112_jpg.rf.2ecb081cd9d32a7ff8c9f4db24e911b9,0.41045556775982006,0.5820184302746,0.4140833179431707,0.9791016843418591,1,1,0.1001875,43.05856704711914,dev,True,False,False
train__egg__not_damaged_113_jpg.rf.75e3389c0809c7c0f42fbfd25219e65e,0.6241973295280807,0.7686225290241606,0.9752368819173501,0.6342499093780747,1,2,0.12069375,55.31736755371094,dev,False,False,True
train__egg__not_damaged_114_jpg.rf.7ccf87a5610bafd963468463b2e2907c,0.4516688339835284,0.6222753060615109,0.9856016815554388,0.4546688645399011,1,2,0.1289125,85.05220794677734,dev,False,False,True
train__egg__not_damaged_116_jpg.rf.43fecd96347e2129115fceed65986cc9,0.0,0.0,0.0,0.0,2,1,0.04660625,14.729601860046387,dev,False,True,False
train__egg__not_damaged_117_jpg.rf.d25ded9e7408f9b89b3cfb3de581f6a6,0.21903779695670267,0.3593617810760668,0.2578817314246762,0.5925309578581567,4,3,0.12769375,8.103943824768066,dev,False,True,False
train__egg__not_damaged_118_jpg.rf.3e17ba84bcb3b57ebbf743b145c5ae27,0.9022132612381433,0.9485931778762767,0.9027924251455821,0.9992894483073643,1,1,0.12314375,35.870418548583984,dev,True,False,False
train__egg__not_damaged_121_jpg.rf.0506fe180f5fed88ae65348130fb5192,0.6378426918810417,0.7788815068051345,0.9921123983238846,0.6410937085213698,2,3,0.11771875,90.58331298828125,dev,False,False,True
train__egg__not_damaged_123_jpg.rf.11d40a86277d3ab3fce1c5c6cbf14db0,0.12095120951209512,0.21580102414045355,0.12374397010315176,0.8427476951045318,1,1,0.04813125,26.94248390197754,dev,True,False,False
train__egg__not_damaged_127_jpg.rf.3a541bab7c9e2c2e43c2fdbf391617b5,0.95399480819152,0.9764558269983025,0.9902694610778443,0.9630222739845683,1,1,0.04293125,61.1011962890625,dev,True,False,False
train__egg__not_damaged_128_jpg.rf.95a7ef96dcc9e14fa7137708df6f2e60,0.8150810480537685,0.8981208292905091,0.8196472459158595,0.993211579731091,2,2,0.14270625,80.86737060546875,dev,True,False,False
train__egg__not_damaged_129_jpg.rf.3cee5e92daed138fcdc13d9aa62c2785,0.41675284384694933,0.5883211678832116,0.9793438639125152,0.4204486176317162,1,2,0.13179375,82.25962829589844,dev,False,False,True
train__egg__not_damaged_12_jpg.rf.339e366cebec5c32e751e8500aa12f3e,0.6214548802946593,0.7665398375830541,0.7912075029308323,0.7433638065866285,1,1,0.05674375,141.153076171875,dev,True,False,False
train__egg__not_damaged_131_jpg.rf.4ac62f5b18b131bac463f705d0969147,0.8601631011562308,0.9248254635537873,0.8603312941702282,0.999772771538012,1,1,0.1925375,26.91314697265625,dev,True,False,False
train__egg__not_damaged_134_jpg.rf.fb4e9c442527db9e71d4a95584773fa2,0.9789144605560729,0.9893448959698834,0.9877181208053691,0.9909770385832604,3,3,0.1856375,98.1389389038086,dev,True,False,False
train__egg__not_damaged_138_jpg.rf.4db6e0e16ddec73ff527d4efbb119f7a,0.9387822948328267,0.9684246625676702,0.9402559101935974,0.9983333333333333,1,1,0.12375,54.15456008911133,dev,True,False,False
train__egg__not_damaged_139_jpg.rf.9f18c65b30035092401a5281a03b7124,0.5918684603886397,0.7436147836538461,0.9162347278785635,0.6257269279393173,1,1,0.098875,42.19778823852539,dev,True,False,False
train__egg__not_damaged_13_jpg.rf.60964651b01aed5680a994ecbd7012ea,0.8402297158003239,0.9131791629991198,0.9462686567164179,0.8823256533168393,1,1,0.04041875,130.53477478027344,dev,True,False,False
train__egg__not_damaged_141_jpg.rf.67be7a06282cf025b53162b5a9df15ff,0.4898004619708903,0.6575383408364934,0.9026103902764244,0.5171299288946348,1,1,0.2127125,79.85028839111328,dev,True,False,False
train__egg__not_damaged_144_jpg.rf.a9435fb1769a2350dbdd400bcc46a4eb,0.7809805944812436,0.8770231375920458,0.9374700335624101,0.8238991502212234,2,1,0.355975,84.84478759765625,dev,False,True,False
train__egg__not_damaged_146_jpg.rf.a7df655e36c3a2faab1c3f248081504d,0.4857067925517965,0.6538393645189762,0.9172289977094038,0.5079713374704289,1,1,0.18229375,58.73701477050781,dev,True,False,False
train__egg__not_damaged_151_jpg.rf.34a8c4ae80d0863cd228120235134ae2,0.8334855055923305,0.909181450357921,0.9790200415577451,0.848643309511359,1,1,0.10756875,74.65926361083984,dev,True,False,False
train__egg__not_damaged_154_jpg.rf.1ad087e824bbaae4f2c8218624f83c1a,0.6080147879464286,0.756230343780501,0.8710402718097332,0.6681614349775785,1,1,0.16306875,70.03253173828125,dev,True,False,False
train__egg__not_damaged_155_jpg.rf.a65395f65d93bcd6cbf6bdab6d94e551,0.5759337561663143,0.7309111235326998,0.9730614674802798,0.5852654193894906,1,1,0.06981875,59.01740646362305,dev,True,False,False
train__egg__not_damaged_156_jpg.rf.6ae4742599d61d6120e5beb5d38bcf2e,0.9782283303850864,0.9889943596092997,0.9906297368058427,0.9873643730256833,1,1,0.0910125,84.33900451660156,dev,True,False,False
train__egg__not_damaged_157_jpg.rf.b244a82199f2158510ccf485e54d98a2,0.22268343815513628,0.36425362641884707,0.4189807510255601,0.3221716712162572,2,1,0.2060625,91.28816986083984,dev,False,True,False
train__egg__not_damaged_159_jpg.rf.2bc51aa920c0031f8e311c52c762cded,0.9391997151377576,0.9686467131839882,0.9922411360857707,0.9461483275042597,1,1,0.1393875,62.68016052246094,dev,True,False,False
train__egg__not_damaged_15_jpg.rf.c7c6c90e16bcccd97696ed56f741d670,0.9016902515723271,0.9483040162053784,0.9775419756243076,0.9207642596234897,1,1,0.15570625,157.29054260253906,dev,True,False,False
train__egg__not_damaged_160_jpg.rf.64b7834918be5b72840ecee1e390157e,0.8332151090618904,0.9090205562273277,0.9530425963488843,0.8688858067498845,1,1,0.06759375,23.98512840270996,dev,True,False,False
train__egg__not_damaged_162_jpg.rf.4255a3c6bb6b0a9a625d70a5b51a7df9,0.9310265869482254,0.9642814793343786,0.9315242846960594,0.9994264645637034,1,1,0.22884375,84.7283706665039,dev,True,False,False
train__egg__not_damaged_163_jpg.rf.eee95b2e3a2af8b228d81075f9b2f24d,0.8433057020849033,0.9149927775203729,0.9758734957269927,0.861262185736275,1,1,0.1218125,61.2003288269043,dev,True,False,False
train__egg__not_damaged_16_jpg.rf.133bb95ee3eacad7aecf2ab4cd1e1ff4,0.9187809094929837,0.9576715141863291,0.9193353717412295,0.9993440041983731,1,1,0.1429125,55.81018829345703,dev,True,False,False
train__egg__not_damaged_17_jpg.rf.7298154b15cab2942d3351120a4337d5,0.934412041392286,0.9660941116968507,0.9355385600723355,0.9987129987129987,1,1,0.1554,156.08404541015625,dev,True,False,False
train__egg__not_damaged_18_jpg.rf.bc3fb0b05f8e3f72d25ae44db40362c0,0.8799243358828851,0.9361273952226792,0.9831832383752986,0.893370073480294,1,1,0.07485,151.56436157226562,dev,True,False,False
train__egg__not_damaged_19_jpg.rf.b68555e4ce0c87f7f6a9f9d441a47a08,0.9846770207341502,0.9922793587542109,0.985779768725909,0.9988652257672921,1,1,0.23683125,169.23289489746094,dev,True,False,False
train__egg__not_damaged_20_jpg.rf.5e8498e31e0e596d64f6185f7c56534f,0.45494323557237465,0.6253759245712428,0.4647819258185333,0.9555389965226031,2,1,0.050325,56.46317672729492,dev,False,True,False
train__egg__not_damaged_21_jpg.rf.a584f5d526fa26469cc144a40a3134da,0.9215196894065446,0.9591571655361524,0.9627977052790172,0.9555440533701404,1,1,0.21735,69.1020278930664,dev,True,False,False
train__egg__not_damaged_22_jpg.rf.427da4fa2858bf0484b607774c6077c5,0.0,0.0,0.0,0.0,1,1,0.0264,64.12200164794922,dev,True,False,False
train__egg__not_damaged_27_jpg.rf.9eabbf76d6ac2d4caccb38b11e0d28ad,0.4875036877818519,0.655465518218394,0.9278094168605118,0.506724492925045,1,1,0.14266875,45.64013671875,dev,True,False,False
train__egg__not_damaged_28_jpg.rf.a7e8555e9e2b27a796da5d502582db24,0.7849080941631732,0.879494128274616,0.985292133315342,0.7942136175766804,1,1,0.0574625,82.03900146484375,dev,True,False,False
train__egg__not_damaged_29_jpg.rf.b15d563685f9a249436a706a816cec07,0.4218805053606483,0.5934120395773227,0.9885010024767071,0.42396115228002734,1,1,0.24711875,70.4792251586914,dev,True,False,False
train__egg__not_damaged_31_jpg.rf.7a5340cc049f94d06b26fa34850535ab,0.6421535662011947,0.7820871073424552,0.9037915483547687,0.6892700946881236,1,1,0.14719375,43.10173797607422,dev,True,False,False
train__egg__not_damaged_33_jpg.rf.0d5860269868461da778265b77ee13b2,0.9514639327606909,0.975128381096623,0.9719313142749316,0.978346550168574,1,1,0.13161875,72.73912048339844,dev,True,False,False
train__egg__not_damaged_35_jpg.rf.fe6e06dca50c525194a8edc282489e2a,0.41148111490693146,0.5830487004908502,0.938366886308202,0.42291095834222053,1,1,0.38093125,40.93305969238281,dev,True,False,False
train__egg__not_damaged_36_jpg.rf.4968de1c56728d9f7325771e3a7f7e3e,0.5998153055488638,0.7498556908018572,0.9757674722403658,0.6088852659466069,1,1,0.15334375,43.73497009277344,dev,True,False,False
train__egg__not_damaged_37_jpg.rf.73b8cff8dacc52197fd7fdd958397507,0.9883659638554216,0.9941489462422601,0.9888127165888202,0.9995430834253513,1,1,0.16414375,132.2342071533203,dev,True,False,False
train__egg__not_damaged_39_jpg.rf.81c4c633444db832268298ddae1010d6,0.9812595614482407,0.990541149218197,0.9861627162075592,0.9949586349534644,1,1,0.04835,59.313358306884766,dev,True,False,False
train__egg__not_damaged_3_jpg.rf.d68fc8de8607c2495eb8c832c1e24078,0.18928380545163015,0.3183156191717412,0.42195877516978436,0.2555471371360537,1,1,0.17323125,32.46746063232422,dev,True,False,False
train__egg__not_damaged_50_jpg.rf.b9e65c2fcdb435269f67c9d7ade8ca89,0.5302991232594121,0.6930659701744039,0.8743622448979592,0.5740404745289602,1,1,0.0895625,59.00014877319336,dev,True,False,False
train__egg__not_damaged_52_jpg.rf.d62840582d63156f7e346b41ab8895d5,0.8425090966619205,0.9145236766410509,0.8684060334284549,0.9658142908959013,1,1,0.068925,57.59377670288086,dev,True,False,False
train__egg__not_damaged_5_jpg.rf.395cc7ec9b988f25e77e403ef537737e,0.2614834491213731,0.4145650096376565,0.295522250190518,0.6942063578170772,1,1,0.1152125,22.80318832397461,dev,True,False,False
train__egg__not_damaged_62_jpg.rf.f34bc5162dc72f41ba60d3f5056cc49b,0.8199174824043363,0.9010490753911806,0.8204484740548854,0.9992112787143843,1,1,0.06339375,78.70049285888672,dev,True,False,False
train__egg__not_damaged_95_jpg.rf.0806f2b78a5bc571cd36453998060b58,0.8124006359300477,0.8964912280701754,0.9688153765690377,0.8342152668317946,1,1,0.111025,153.31285095214844,dev,True,False,False
valid__egg__not_damaged_102_jpg.rf.8d754cbc174c6cb6fb1b5c1929edcbb1,0.25767694734369234,0.40976651100733824,0.9917334022216482,0.2582315945246023,1,1,0.18583125,59.80977249145508,dev,True,False,False
valid__egg__not_damaged_107_jpg.rf.8497e164672ad2319ef9ea157023304e,0.7549087816944959,0.860339625134903,0.9988748529637396,0.7555512572533849,1,1,0.1615625,44.200653076171875,dev,True,False,False
valid__egg__not_damaged_109_jpg.rf.4d74eb94b1d03ebd3e7c442e58699304,0.0,0.0,0.0,0.0,1,1,0.12206875,33.3725700378418,dev,True,False,False
valid__egg__not_damaged_115_jpg.rf.5e04f25a50022be8a5f0dbcfe42bc26f,0.4487049585206763,0.6194566476515201,0.9869071662372031,0.4513919857297573,1,2,0.1962125,99.27916717529297,dev,False,False,True
valid__egg__not_damaged_119_jpg.rf.6758625c4b939166ca105d0509fc569e,0.644254109161523,0.7836429972372778,0.9380490760375644,0.6728839955090362,1,1,0.17256875,11.163056373596191,dev,True,False,False
valid__egg__not_damaged_11_jpg.rf.95e1bc4944748cfd1a56fe23a42b6ae8,0.5556057866184448,0.7143272304562627,0.9055408193339228,0.589787887513197,1,1,0.06511875,123.34124755859375,dev,True,False,False
valid__egg__not_damaged_120_jpg.rf.dfe91ad8ce891c84e495a8d59bbe01f5,0.28781863979848865,0.4469862927958941,0.355599263058308,0.6015921152388173,1,1,0.1483875,88.16246795654297,dev,True,False,False
valid__egg__not_damaged_122_jpg.rf.b44d8e5a76cadeff9b2d8eaa85309d09,0.9353082465972778,0.966572894257819,0.9368584260051326,0.9982340207360146,1,1,0.1097125,74.96282196044922,dev,True,False,False
valid__egg__not_damaged_130_jpg.rf.7289d26d022f33aa74b3517f40d6a127,0.9450890178035607,0.971769424589911,0.9464142628205128,0.9985205537356018,1,1,0.1182875,80.14173889160156,dev,True,False,False
valid__egg__not_damaged_133_jpg.rf.a386f448c321cfb45a902bab446a0536,0.34594594594594597,0.5140562248995983,0.9890837728443518,0.3472718659833771,1,3,0.14513125,97.13731384277344,dev,False,False,True
valid__egg__not_damaged_136_jpg.rf.b91466d91f3e0005beb0e42acc9d5b83,0.5582585553925415,0.7165159510411421,0.6059551144359677,0.8764261610155873,4,2,0.2333625,107.19107055664062,dev,False,True,False
valid__egg__not_damaged_140_jpg.rf.5a28b6a69e229bf384854ec1e98b3f19,0.6050628376966477,0.7539428656449934,0.9893108160874658,0.6090444711538462,2,3,0.208,101.65806579589844,dev,False,False,True
valid__egg__not_damaged_143_jpg.rf.ddf38df15f549405285b01245a2ace36,0.0,0.0,0.0,0.0,1,1,0.13495,24.618488311767578,dev,True,False,False
valid__egg__not_damaged_147_jpg.rf.f96813b608c83c8ca5fadbe68c1eefdb,0.9570626003210273,0.9780602829608366,0.9830997526793075,0.9730722154222766,2,2,0.10723125,90.02205657958984,dev,True,False,False
valid__egg__not_damaged_149_jpg.rf.c3c35299246e8c667ee33f02855a6e99,0.01876023184814831,0.036829533116178065,0.03664333246910379,0.037017635760433036,1,1,0.0715875,35.971065521240234,dev,True,False,False
valid__egg__not_damaged_150_jpg.rf.c58ad3cfc0417f557be06b685008bb60,0.0,0.0,0.0,0.0,1,1,0.07566875,37.3990592956543,dev,True,False,False
valid__egg__not_damaged_158_jpg.rf.344b69defda5c12d2f73f77ab479c93c,0.0,0.0,0.0,0.0,1,1,0.12276875,32.69392395019531,dev,True,False,False
valid__egg__not_damaged_25_jpg.rf.9a2e0ec799b7cfe4b89e93c2bdf7896f,0.691623983127448,0.8177041588743432,0.9717087625229293,0.7058371342182135,1,1,0.12195625,97.12174224853516,dev,True,False,False
valid__egg__not_damaged_40_jpg.rf.71ddd6e202abb9dd3dd4721b6d408cba,0.9488293329406567,0.9737428690165855,0.9505790366600281,0.9980638166047088,1,1,0.0807,59.445556640625,dev,True,False,False
valid__egg__not_damaged_6_jpg.rf.1b79fa07c23ef838f19c9a226c9022f5,0.8165846802529867,0.8990328820116054,0.9031088082901555,0.8949935815147625,1,1,0.097375,107.77301025390625,dev,True,False,False
test__egg__not_damaged_101_jpg.rf.479d12a2b41a5ec6d718dcdabd14b0c9,0.9899337234131056,0.9949414010786104,0.9919968876785417,0.99790344673357,1,1,0.22358125,99.25740814208984,eval,True,False,False
test__egg__not_damaged_153_jpg.rf.ea842e70f08e63e69bbcc74f1bc143a8,0.9067772579044379,0.9511097891958211,0.9942479595802565,0.9115592930444698,1,1,0.0877,87.10804748535156,eval,True,False,False
test__egg__not_damaged_78_jpg.rf.d3a6e8624d192abc58ff7df9d5781bb5,0.7208369283865401,0.8377748251397629,0.9708326070536285,0.7367933680218715,1,1,0.1417375,49.71759796142578,eval,True,False,False
train__Unlabeled__not_damaged_135_jpg.rf.a6d81ffb82470e031fb3ab469c8f0db2,0.0,0.0,0.0,0.0,1,1,0.0402125,59.50379943847656,eval,True,False,False
train__Unlabeled__not_damaged_145_jpg.rf.5147bfde42f30a27504377fd5ef13b05,0.005311307665626084,0.01056649343367908,0.0059248869434838335,0.048785344484269216,2,1,0.0313875,63.15558624267578,eval,False,True,False
train__egg__not_damaged_108_jpg.rf.de0bd2447ade8d891625ac0dd055667a,0.0,0.0,0.0,0.0,1,1,0.03454375,53.49734115600586,eval,True,False,False
train__egg__not_damaged_132_jpg.rf.5deff743ad11d33750171617e116bd7a,0.23562117748810774,0.3813809309534523,0.33139282300808065,0.44912859161563823,2,3,0.10615,82.5136489868164,eval,False,False,True
train__egg__not_damaged_142_jpg.rf.5b29be6bd5a6cfc192f51a5b580c1a07,0.4000612779232355,0.57149109718492,0.9834303320780554,0.40277621985417833,1,1,0.222875,90.04891204833984,eval,True,False,False
train__egg__not_damaged_148_jpg.rf.8a3e1c0e1dae236abe0e9a75a4882bda,0.32938258598362635,0.4955422005019152,0.9786110205412455,0.33177105210797425,1,1,0.28270625,100.65277862548828,eval,True,False,False
train__egg__not_damaged_164_jpg.rf.aeab74f44b77d69cb4884f8a55d4a5b8,0.9564427090346035,0.9777364853239737,0.9572160086241747,0.9991560587945706,1,1,0.1777375,83.57472229003906,eval,True,False,False
train__egg__not_damaged_24_jpg.rf.a557aeb67c480dc55479509a77b4e160,0.9723128934483563,0.9859621124804209,0.9784725480994838,0.9935672166299363,1,1,0.10493125,80.59615325927734,eval,True,False,False
train__egg__not_damaged_2_jpg.rf.a4629fbffb9457cd3dda5a1dfc6e5365,0.9823979883415247,0.991120848708487,0.9889540904383846,0.9932971223852999,1,1,0.1081625,115.4119873046875,eval,True,False,False
train__egg__not_damaged_32_jpg.rf.15f5702d8602844d8d866d229e674c89,0.054109210470373155,0.10266338617082779,0.05744895349012173,0.4820707070707071,2,1,0.0495,10.037762641906738,eval,False,True,False
train__egg__not_damaged_34_jpg.rf.4be2a53f051e4372100c90f2d36ea129,0.9726751478229708,0.9861483264453427,0.9826228617974477,0.9896991795806745,1,1,0.2056875,67.46656799316406,eval,True,False,False
train__egg__not_damaged_41_jpg.rf.630408063dc3fdfa9a9a7f49e1c1d93c,0.7287689002391665,0.8431073698032687,0.9401736220060664,0.7642082890541977,1,1,0.14703125,40.71630096435547,eval,True,False,False
train__egg__not_damaged_42_jpg.rf.6626de5325fbf9ad4fec739b2a4e29f3,0.0,0.0,0.0,0.0,1,1,0.04668125,9.66696548461914,eval,True,False,False
train__egg__not_damaged_44_jpg.rf.a4dbaabec5b64e4c34d874a6870964be,0.9685656271550073,0.9840318390144697,0.9780455723625672,0.9900918365348842,1,1,0.31918125,46.29751205444336,eval,True,False,False
train__egg__not_damaged_49_jpg.rf.78a86245d3715c60d39d47045a323711,0.8782004144662077,0.9351509111617312,0.9655653963470655,0.906593975363169,1,1,0.18113125,162.30479431152344,eval,True,False,False
train__egg__not_damaged_55_jpg.rf.73873084ba51dd4e5ab40033b6003190,0.8074905677739946,0.8934935342633133,0.9766277128547579,0.8234024584779956,1,1,0.06660625,140.8173370361328,eval,True,False,False
valid__egg__not_damaged_126_jpg.rf.2c3342cf9ca7ab55f6682ef198e98bbd,0.5117567966418523,0.6770358800815653,0.603791835945057,0.7705031353379747,1,1,0.12658125,23.284578323364258,eval,True,False,False
valid__egg__not_damaged_45_jpg.rf.afe41bdac424f6a6b81d8a809fdf73e0,0.8666447512601358,0.928558849427649,0.9776266996291718,0.8841811067635551,1,1,0.1118125,82.53543853759766,eval,True,False,False
