id,img,union,group,split
test__egg__not_damaged_101_jpg.rf.479d12a2b41a5ec6d718dcdabd14b0c9,/kaggle/input/datasets/swayamsingh48/eggs-s/test/egg/not_damaged_101_jpg.rf.479d12a2b41a5ec6d718dcdabd14b0c9.jpg,/kaggle/input/datasets/swayamsingh48/sam-result/union/test__egg__not_damaged_101_jpg.rf.479d12a2b41a5ec6d718dcdabd14b0c9.png,not_damaged_101_jpg,eval
test__egg__not_damaged_125_jpg.rf.b19353b1f84dcbef1ec088b850927bb3,/kaggle/input/datasets/swayamsingh48/eggs-s/test/egg/not_damaged_125_jpg.rf.b19353b1f84dcbef1ec088b850927bb3.jpg,/kaggle/input/datasets/swayamsingh48/sam-result/union/test__egg__not_damaged_125_jpg.rf.b19353b1f84dcbef1ec088b850927bb3.png,not_damaged_125_jpg,dev
test__egg__not_damaged_14_jpg.rf.dc96559078b03433d2b65e5055904af1,/kaggle/input/datasets/swayamsingh48/eggs-s/test/egg/not_damaged_14_jpg.rf.dc96559078b03433d2b65e5055904af1.jpg,/kaggle/input/datasets/swayamsingh48/sam-result/union/test__egg__not_damaged_14_jpg.rf.dc96559078b03433d2b65e5055904af1.png,not_damaged_14_jpg,dev
test__egg__not_damaged_152_jpg.rf.a57edb18d395ce87e23f7abccbd1ad69,/kaggle/input/datasets/swayamsingh48/eggs-s/test/egg/not_damaged_152_jpg.rf.a57edb18d395ce87e23f7abccbd1ad69.jpg,/kaggle/input/datasets/swayamsingh48/sam-result/union/test__egg__not_damaged_152_jpg.rf.a57edb18d395ce87e23f7abccbd1ad69.png,not_damaged_152_jpg,dev
test__egg__not_damaged_153_jpg.rf.ea842e70f08e63e69bbcc74f1bc143a8,/kaggle/input/datasets/swayamsingh48/eggs-s/test/egg/not_damaged_153_jpg.rf.ea842e70f08e63e69bbcc74f1bc143a8.jpg,/kaggle/input/datasets/swayamsingh48/sam-result/union/test__egg__not_damaged_153_jpg.rf.ea842e70f08e63e69bbcc74f1bc143a8.png,not_damaged_153_jpg,eval
test__egg__not_damaged_161_jpg.rf.fd216aa5e11e147fc1527478cceae94e,/kaggle/input/datasets/swayamsingh48/eggs-s/test/egg/not_damaged_161_jpg.rf.fd216aa5e11e147fc1527478cceae94e.jpg,/kaggle/input/datasets/swayamsingh48/sam-result/union/test__egg__not_damaged_161_jpg.rf.fd216aa5e11e147fc1527478cceae94e.png,not_damaged_161_jpg,dev
test__egg__not_damaged_1_jpg.rf.d74c98a14f068b48c1f58fd573361f1f,/kaggle/input/datasets/swayamsingh48/eggs-s/test/egg/not_damaged_1_jpg.rf.d74c98a14f068b48c1f58fd573361f1f.jpg,/kaggle/input/datasets/swayamsingh48/sam-result/union/test__egg__not_damaged_1_jpg.rf.d74c98a14f068b48c1f58fd573361f1f.png,not_damaged_1_jpg,dev
test__egg__not_damaged_30_jpg.rf.48e9261777355fe67139ac1c5eae596b,/kaggle/input/datasets/swayamsingh48/eggs-s/test/egg/not_damaged_30_jpg.rf.48e9261777355fe67139ac1c5eae596b.jpg,/kaggle/input/datasets/swayamsingh48/sam-result/union/test__egg__not_damaged_30_jpg.rf.48e9261777355fe67139ac1c5eae596b.png,not_damaged_30_jpg,dev
test__egg__not_damaged_43_jpg.rf.66c31342150e751c30214786e72c8683,/kaggle/input/datasets/swayamsingh48/eggs-s/test/egg/not_damaged_43_jpg.rf.66c31342150e751c30214786e72c8683.jpg,/kaggle/input/datasets/swayamsingh48/sam-result/union/test__egg__not_damaged_43_jpg.rf.66c31342150e751c30214786e72c8683.png,not_damaged_43_jpg,dev
test__egg__not_damaged_4_jpg.rf.36c78b63ea4710d9642651ac3292fd58,/kaggle/input/datasets/swayamsingh48/eggs-s/test/egg/not_damaged_4_jpg.rf.36c78b63ea4710d9642651ac3292fd58.jpg,/kaggle/input/datasets/swayamsingh48/sam-result/union/test__egg__not_damaged_4_jpg.rf.36c78b63ea4710d9642651ac3292fd58.png,not_damaged_4_jpg,dev
test__egg__not_damaged_78_jpg.rf.d3a6e8624d192abc58ff7df9d5781bb5,/kaggle/input/datasets/swayamsingh48/eggs-s/test/egg/not_damaged_78_jpg.rf.d3a6e8624d192abc58ff7df9d5781bb5.jpg,/kaggle/input/datasets/swayamsingh48/sam-result/union/test__egg__not_damaged_78_jpg.rf.d3a6e8624d192abc58ff7df9d5781bb5.png,not_damaged_78_jpg,eval
train__Unlabeled__not_damaged_135_jpg.rf.a6d81ffb82470e031fb3ab469c8f0db2,/kaggle/input/datasets/swayamsingh48/eggs-s/train/Unlabeled/not_damaged_135_jpg.rf.a6d81ffb82470e031fb3ab469c8f0db2.jpg,/kaggle/input/datasets/swayamsingh48/sam-result/union/train__Unlabeled__not_damaged_135_jpg.rf.a6d81ffb82470e031fb3ab469c8f0db2.png,not_damaged_135_jpg,eval
train__Unlabeled__not_damaged_145_jpg.rf.5147bfde42f30a27504377fd5ef13b05,/kaggle/input/datasets/swayamsingh48/eggs-s/train/Unlabeled/not_damaged_145_jpg.rf.5147bfde42f30a27504377fd5ef13b05.jpg,/kaggle/input/datasets/swayamsingh48/sam-result/union/train__Unlabeled__not_damaged_145_jpg.rf.5147bfde42f30a27504377fd5ef13b05.png,not_damaged_145_jpg,eval
train__egg__not_damaged_100_jpg.rf.5d780a6024004fa2f68741fa56ddf4c9,/kaggle/input/datasets/swayamsingh48/eggs-s/train/egg/not_damaged_100_jpg.rf.5d780a6024004fa2f68741fa56ddf4c9.jpg,/kaggle/input/datasets/swayamsingh48/sam-result/union/train__egg__not_damaged_100_jpg.rf.5d780a6024004fa2f68741fa56ddf4c9.png,not_damaged_100_jpg,dev
train__egg__not_damaged_103_jpg.rf.c0bd961caec5acf3a6582c9cb2551634,/kaggle/input/datasets/swayamsingh48/eggs-s/train/egg/not_damaged_103_jpg.rf.c0bd961caec5acf3a6582c9cb2551634.jpg,/kaggle/input/datasets/swayamsingh48/sam-result/union/train__egg__not_damaged_103_jpg.rf.c0bd961caec5acf3a6582c9cb2551634.png,not_damaged_103_jpg,dev
train__egg__not_damaged_104_jpg.rf.3bf8cb51d5ad8934390c8e2c3b79b32f,/kaggle/input/datasets/swayamsingh48/eggs-s/train/egg/not_damaged_104_jpg.rf.3bf8cb51d5ad8934390c8e2c3b79b32f.jpg,/kaggle/input/datasets/swayamsingh48/sam-result/union/train__egg__not_damaged_104_jpg.rf.3bf8cb51d5ad8934390c8e2c3b79b32f.png,not_damaged_104_jpg,dev
train__egg__not_damaged_105_jpg.rf.6b94b57d4e4cb521abbec55bb95c2a76,/kaggle/input/datasets/swayamsingh48/eggs-s/train/egg/not_damaged_105_jpg.rf.6b94b57d4e4cb521abbec55bb95c2a76.jpg,/kaggle/input/datasets/swayamsingh48/sam-result/union/train__egg__not_damaged_105_jpg.rf.6b94b57d4e4cb521abbec55bb95c2a76.png,not_damaged_105_jpg,dev
train__egg__not_damaged_106_jpg.rf.4ab043b322cc9e55bdf788a4d69ae74b,/kaggle/input/datasets/swayamsingh48/eggs-s/train/egg/not_damaged_106_jpg.rf.4ab043b322cc9e55bdf788a4d69ae74b.jpg,/kaggle/input/datasets/swayamsingh48/sam-result/union/train__egg__not_damaged_106_jpg.rf.4ab043b322cc9e55bdf788a4d69ae74b.png,not_damaged_106_jpg,dev
train__egg__not_damaged_108_jpg.rf.de0bd2447ade8d891625ac0dd055667a,/kaggle/input/datasets/swayamsingh48/eggs-s/train/egg/not_damaged_108_jpg.rf.de0bd2447ade8d891625ac0dd055667a.jpg,/kaggle/input/datasets/swayamsingh48/sam-result/union/train__egg__not_damaged_108_jpg.rf.de0bd2447ade8d891625ac0dd055667a.png,not_damaged_108_jpg,eval
train__egg__not_damaged_10_jpg.rf.2347ffa54eea250ab240def10a3eb78f,/kaggle/input/datasets/swayamsingh48/eggs-s/train/egg/not_damaged_10_jpg.rf.2347ffa54eea250ab240def10a3eb78f.jpg,/kaggle/input/datasets/swayamsingh48/sam-result/union/train__egg__not_damaged_10_jpg.rf.2347ffa54eea250ab240def10a3eb78f.png,not_damaged_10_jpg,dev
train__egg__not_damaged_110_jpg.rf.2de10ae949146248df94e52f9065bdd8,/kaggle/input/datasets/swayamsingh48/eggs-s/train/egg/not_damaged_110_jpg.rf.2de10ae949146248df94e52f9065bdd8.jpg,/kaggle/input/datasets/swayamsingh48/sam-result/union/train__egg__not_damaged_110_jpg.rf.2de10ae949146248df94e52f9065bdd8.png,not_damaged_110_jpg,dev
train__egg__not_damaged_111_jpg.rf.d56bdd5f452dfc3935b4d6962ed33309,/kaggle/input/datasets/swayamsingh48/eggs-s/train/egg/not_damaged_111_jpg.rf.d56bdd5f452dfc3935b4d6962ed33309.jpg,/kaggle/input/datasets/swayamsingh48/sam-result/union/train__egg__not_damaged_111_jpg.rf.d56bdd5f452dfc3935b4d6962ed33309.png,not_damaged_111_jpg,dev
train__egg__not_damaged_112_jpg.rf.2ecb081cd9d32a7ff8c9f4db24e911b9,/kaggle/input/datasets/swayamsingh48/eggs-s/train/egg/not_damaged_112_jpg.rf.2ecb081cd9d32a7ff8c9f4db24e911b9.jpg,/kaggle/input/datasets/swayamsingh48/sam-result/union/train__egg__not_damaged_112_jpg.rf.2ecb081cd9d32a7ff8c9f4db24e911b9.png,not_damaged_112_jpg,dev
train__egg__not_damaged_113_jpg.rf.75e3389c0809c7c0f42fbfd25219e65e,/kaggle/input/datasets/swayamsingh48/eggs-s/train/egg/not_damaged_113_jpg.rf.75e3389c0809c7c0f42fbfd25219e65e.jpg,/kaggle/input/datasets/swayamsingh48/sam-result/union/train__egg__not_damaged_113_jpg.rf.75e3389c0809c7c0f42fbfd25219e65e.png,not_damaged_113_jpg,dev
train__egg__not_damaged_114_jpg.rf.7ccf87a5610bafd963468463b2e2907c,/kaggle/input/datasets/swayamsingh48/eggs-s/train/egg/not_damaged_114_jpg.rf.7ccf87a5610bafd963468463b2e2907c.jpg,/kaggle/input/datasets/swayamsingh48/sam-result/union/train__egg__not_damaged_114_jpg.rf.7ccf87a5610bafd963468463b2e2907c.png,not_damaged_114_jpg,dev
train__egg__not_damaged_116_jpg.rf.43fecd96347e2129115fceed65986cc9,/kaggle/input/datasets/swayamsingh48/eggs-s/train/egg/not_damaged_116_jpg.rf.43fecd96347e2129115fceed65986cc9.jpg,/kaggle/input/datasets/swayamsingh48/sam-result/union/train__egg__not_damaged_116_jpg.rf.43fecd96347e2129115fceed65986cc9.png,not_damaged_116_jpg,dev
train__egg__not_damaged_117_jpg.rf.d25ded9e7408f9b89b3cfb3de581f6a6,/kaggle/input/datasets/swayamsingh48/eggs-s/train/egg/not_damaged_117_jpg.rf.d25ded9e7408f9b89b3cfb3de581f6a6.jpg,/kaggle/input/datasets/swayamsingh48/sam-result/union/train__egg__not_damaged_117_jpg.rf.d25ded9e7408f9b89b3cfb3de581f6a6.png,not_damaged_117_jpg,dev
train__egg__not_damaged_118_jpg.rf.3e17ba84bcb3b57ebbf743b145c5ae27,/kaggle/input/datasets/swayamsingh48/eggs-s/train/egg/not_damaged_118_jpg.rf.3e17ba84bcb3b57ebbf743b145c5ae27.jpg,/kaggle/input/datasets/swayamsingh48/sam-result/union/train__egg__not_damaged_118_jpg.rf.3e17ba84bcb3b57ebbf743b145c5ae27.png,not_damaged_118_jpg,dev
train__egg__not_damaged_121_jpg.rf.0506fe180f5fed88ae65348130fb5192,/kaggle/input/datasets/swayamsingh48/eggs-s/train/egg/not_damaged_121_jpg.rf.0506fe180f5fed88ae65348130fb5192.jpg,/kaggle/input/datasets/swayamsingh48/sam-result/union/train__egg__not_damaged_121_jpg.rf.0506fe180f5fed88ae65348130fb5192.png,not_damaged_121_jpg,dev
train__egg__not_damaged_123_jpg.rf.11d40a86277d3ab3fce1c5c6cbf14db0,/kaggle/input/datasets/swayamsingh48/eggs-s/train/egg/not_damaged_123_jpg.rf.11d40a86277d3ab3fce1c5c6cbf14db0.jpg,/kaggle/input/datasets/swayamsingh48/sam-result/union/train__egg__not_damaged_123_jpg.rf.11d40a86277d3ab3fce1c5c6cbf14db0.png,not_damaged_123_jpg,dev
train__egg__not_damaged_124_jpg.rf.931f62b8d40a093039633b898e0e9114,/kaggle/input/datasets/swayamsingh48/eggs-s/train/egg/not_damaged_124_jpg.rf.931f62b8d40a093039633b898e0e9114.jpg,/kaggle/input/datasets/swayamsingh48/sam-result/union/train__egg__not_damaged_124_jpg.rf.931f62b8d40a093039633b898e0e9114.png,not_damaged_124_jpg,eval
train__egg__not_damaged_127_jpg.rf.3a541bab7c9e2c2e43c2fdbf391617b5,/kaggle/input/datasets/swayamsingh48/eggs-s/train/egg/not_damaged_127_jpg.rf.3a541bab7c9e2c2e43c2fdbf391617b5.jpg,/kaggle/input/datasets/swayamsingh48/sam-result/union/train__egg__not_damaged_127_jpg.rf.3a541bab7c9e2c2e43c2fdbf391617b5.png,not_damaged_127_jpg,dev
train__egg__not_damaged_128_jpg.rf.95a7ef96dcc9e14fa7137708df6f2e60,/kaggle/input/datasets/swayamsingh48/eggs-s/train/egg/not_damaged_128_jpg.rf.95a7ef96dcc9e14fa7137708df6f2e60.jpg,/kaggle/input/datasets/swayamsingh48/sam-result/union/train__egg__not_damaged_128_jpg.rf.95a7ef96dcc9e14fa7137708df6f2e60.png,not_damaged_128_jpg,dev
train__egg__not_damaged_129_jpg.rf.3cee5e92daed138fcdc13d9aa62c2785,/kaggle/input/datasets/swayamsingh48/eggs-s/train/egg/not_damaged_129_jpg.rf.3cee5e92daed138fcdc13d9aa62c2785.jpg,/kaggle/input/datasets/swayamsingh48/sam-result/union/train__egg__not_damaged_129_jpg.rf.3cee5e92daed138fcdc13d9aa62c2785.png,not_damaged_129_jpg,dev
train__egg__not_damaged_12_jpg.rf.339e366cebec5c32e751e8500aa12f3e,/kaggle/input/datasets/swayamsingh48/eggs-s/train/egg/not_damaged_12_jpg.rf.339e366cebec5c32e751e8500aa12f3e.jpg,/kaggle/input/datasets/swayamsingh48/sam-result/union/train__egg__not_damaged_12_jpg.rf.339e366cebec5c32e751e8500aa12f3e.png,not_damaged_12_jpg,dev
train__egg__not_damaged_131_jpg.rf.4ac62f5b18b131bac463f705d0969147,/kaggle/input/datasets/swayamsingh48/eggs-s/train/egg/not_damaged_131_jpg.rf.4ac62f5b18b131bac463f705d0969147.jpg,/kaggle/input/datasets/swayamsingh48/sam-result/union/train__egg__not_damaged_131_jpg.rf.4ac62f5b18b131bac463f705d0969147.png,not_damaged_131_jpg,dev
train__egg__not_damaged_132_jpg.rf.5deff743ad11d33750171617e116bd7a,/kaggle/input/datasets/swayamsingh48/eggs-s/train/egg/not_damaged_132_jpg.rf.5deff743ad11d33750171617e116bd7a.jpg,/kaggle/input/datasets/swayamsingh48/sam-result/union/train__egg__not_damaged_132_jpg.rf.5deff743ad11d33750171617e116bd7a.png,not_damaged_132_jpg,eval
train__egg__not_damaged_134_jpg.rf.fb4e9c442527db9e71d4a95584773fa2,/kaggle/input/datasets/swayamsingh48/eggs-s/train/egg/not_damaged_134_jpg.rf.fb4e9c442527db9e71d4a95584773fa2.jpg,/kaggle/input/datasets/swayamsingh48/sam-result/union/train__egg__not_damaged_134_jpg.rf.fb4e9c442527db9e71d4a95584773fa2.png,not_damaged_134_jpg,dev
train__egg__not_damaged_138_jpg.rf.4db6e0e16ddec73ff527d4efbb119f7a,/kaggle/input/datasets/swayamsingh48/eggs-s/train/egg/not_damaged_138_jpg.rf.4db6e0e16ddec73ff527d4efbb119f7a.jpg,/kaggle/input/datasets/swayamsingh48/sam-result/union/train__egg__not_damaged_138_jpg.rf.4db6e0e16ddec73ff527d4efbb119f7a.png,not_damaged_138_jpg,dev
train__egg__not_damaged_139_jpg.rf.9f18c65b30035092401a5281a03b7124,/kaggle/input/datasets/swayamsingh48/eggs-s/train/egg/not_damaged_139_jpg.rf.9f18c65b30035092401a5281a03b7124.jpg,/kaggle/input/datasets/swayamsingh48/sam-result/union/train__egg__not_damaged_139_jpg.rf.9f18c65b30035092401a5281a03b7124.png,not_damaged_139_jpg,dev
train__egg__not_damaged_13_jpg.rf.60964651b01aed5680a994ecbd7012ea,/kaggle/input/datasets/swayamsingh48/eggs-s/train/egg/not_damaged_13_jpg.rf.60964651b01aed5680a994ecbd7012ea.jpg,/kaggle/input/datasets/swayamsingh48/sam-result/union/train__egg__not_damaged_13_jpg.rf.60964651b01aed5680a994ecbd7012ea.png,not_damaged_13_jpg,dev
train__egg__not_damaged_141_jpg.rf.67be7a06282cf025b53162b5a9df15ff,/kaggle/input/datasets/swayamsingh48/eggs-s/train/egg/not_damaged_141_jpg.rf.67be7a06282cf025b53162b5a9df15ff.jpg,/kaggle/input/datasets/swayamsingh48/sam-result/union/train__egg__not_damaged_141_jpg.rf.67be7a06282cf025b53162b5a9df15ff.png,not_damaged_141_jpg,dev
train__egg__not_damaged_142_jpg.rf.5b29be6bd5a6cfc192f51a5b580c1a07,/kaggle/input/datasets/swayamsingh48/eggs-s/train/egg/not_damaged_142_jpg.rf.5b29be6bd5a6cfc192f51a5b580c1a07.jpg,/kaggle/input/datasets/swayamsingh48/sam-result/union/train__egg__not_damaged_142_jpg.rf.5b29be6bd5a6cfc192f51a5b580c1a07.png,not_damaged_142_jpg,eval
train__egg__not_damaged_144_jpg.rf.a9435fb1769a2350dbdd400bcc46a4eb,/kaggle/input/datasets/swayamsingh48/eggs-s/train/egg/not_damaged_144_jpg.rf.a9435fb1769a2350dbdd400bcc46a4eb.jpg,/kaggle/input/datasets/swayamsingh48/sam-result/union/train__egg__not_damaged_144_jpg.rf.a9435fb1769a2350dbdd400bcc46a4eb.png,not_damaged_144_jpg,dev
train__egg__not_damaged_146_jpg.rf.a7df655e36c3a2faab1c3f248081504d,/kaggle/input/datasets/swayamsingh48/eggs-s/train/egg/not_damaged_146_jpg.rf.a7df655e36c3a2faab1c3f248081504d.jpg,/kaggle/input/datasets/swayamsingh48/sam-result/union/train__egg__not_damaged_146_jpg.rf.a7df655e36c3a2faab1c3f248081504d.png,not_damaged_146_jpg,dev
train__egg__not_damaged_148_jpg.rf.8a3e1c0e1dae236abe0e9a75a4882bda,/kaggle/input/datasets/swayamsingh48/eggs-s/train/egg/not_damaged_148_jpg.rf.8a3e1c0e1dae236abe0e9a75a4882bda.jpg,/kaggle/input/datasets/swayamsingh48/sam-result/union/train__egg__not_damaged_148_jpg.rf.8a3e1c0e1dae236abe0e9a75a4882bda.png,not_damaged_148_jpg,eval
train__egg__not_damaged_151_jpg.rf.34a8c4ae80d0863cd228120235134ae2,/kaggle/input/datasets/swayamsingh48/eggs-s/train/egg/not_damaged_151_jpg.rf.34a8c4ae80d0863cd228120235134ae2.jpg,/kaggle/input/datasets/swayamsingh48/sam-result/union/train__egg__not_damaged_151_jpg.rf.34a8c4ae80d0863cd228120235134ae2.png,not_damaged_151_jpg,dev
train__egg__not_damaged_154_jpg.rf.1ad087e824bbaae4f2c8218624f83c1a,/kaggle/input/datasets/swayamsingh48/eggs-s/train/egg/not_damaged_154_jpg.rf.1ad087e824bbaae4f2c8218624f83c1a.jpg,/kaggle/input/datasets/swayamsingh48/sam-result/union/train__egg__not_damaged_154_jpg.rf.1ad087e824bbaae4f2c8218624f83c1a.png,not_damaged_154_jpg,dev
train__egg__not_damaged_155_jpg.rf.a65395f65d93bcd6cbf6bdab6d94e551,/kaggle/input/datasets/swayamsingh48/eggs-s/train/egg/not_damaged_155_jpg.rf.a65395f65d93bcd6cbf6bdab6d94e551.jpg,/kaggle/input/datasets/swayamsingh48/sam-result/union/train__egg__not_damaged_155_jpg.rf.a65395f65d93bcd6cbf6bdab6d94e551.png,not_damaged_155_jpg,dev
train__egg__not_damaged_156_jpg.rf.6ae4742599d61d6120e5beb5d38bcf2e,/kaggle/input/datasets/swayamsingh48/eggs-s/train/egg/not_damaged_156_jpg.rf.6ae4742599d61d6120e5beb5d38bcf2e.jpg,/kaggle/input/datasets/swayamsingh48/sam-result/union/train__egg__not_damaged_156_jpg.rf.6ae4742599d61d6120e5beb5d38bcf2e.png,not_damaged_156_jpg,dev
train__egg__not_damaged_157_jpg.rf.b244a82199f2158510ccf485e54d98a2,/kaggle/input/datasets/swayamsingh48/eggs-s/train/egg/not_damaged_157_jpg.rf.b244a82199f2158510ccf485e54d98a2.jpg,/kaggle/input/datasets/swayamsingh48/sam-result/union/train__egg__not_damaged_157_jpg.rf.b244a82199f2158510ccf485e54d98a2.png,not_damaged_157_jpg,dev
train__egg__not_damaged_159_jpg.rf.2bc51aa920c0031f8e311c52c762cded,/kaggle/input/datasets/swayamsingh48/eggs-s/train/egg/not_damaged_159_jpg.rf.2bc51aa920c0031f8e311c52c762cded.jpg,/kaggle/input/datasets/swayamsingh48/sam-result/union/train__egg__not_damaged_159_jpg.rf.2bc51aa920c0031f8e311c52c762cded.png,not_damaged_159_jpg,dev
train__egg__not_damaged_15_jpg.rf.c7c6c90e16bcccd97696ed56f741d670,/kaggle/input/datasets/swayamsingh48/eggs-s/train/egg/not_damaged_15_jpg.rf.c7c6c90e16bcccd97696ed56f741d670.jpg,/kaggle/input/datasets/swayamsingh48/sam-result/union/train__egg__not_damaged_15_jpg.rf.c7c6c90e16bcccd97696ed56f741d670.png,not_damaged_15_jpg,dev
train__egg__not_damaged_160_jpg.rf.64b7834918be5b72840ecee1e390157e,/kaggle/input/datasets/swayamsingh48/eggs-s/train/egg/not_damaged_160_jpg.rf.64b7834918be5b72840ecee1e390157e.jpg,/kaggle/input/datasets/swayamsingh48/sam-result/union/train__egg__not_damaged_160_jpg.rf.64b7834918be5b72840ecee1e390157e.png,not_damaged_160_jpg,dev
train__egg__not_damaged_162_jpg.rf.4255a3c6bb6b0a9a625d70a5b51a7df9,/kaggle/input/datasets/swayamsingh48/eggs-s/train/egg/not_damaged_162_jpg.rf.4255a3c6bb6b0a9a625d70a5b51a7df9.jpg,/kaggle/input/datasets/swayamsingh48/sam-result/union/train__egg__not_damaged_162_jpg.rf.4255a3c6bb6b0a9a625d70a5b51a7df9.png,not_damaged_162_jpg,dev
train__egg__not_damaged_163_jpg.rf.eee95b2e3a2af8b228d81075f9b2f24d,/kaggle/input/datasets/swayamsingh48/eggs-s/train/egg/not_damaged_163_jpg.rf.eee95b2e3a2af8b228d81075f9b2f24d.jpg,/kaggle/input/datasets/swayamsingh48/sam-result/union/train__egg__not_damaged_163_jpg.rf.eee95b2e3a2af8b228d81075f9b2f24d.png,not_damaged_163_jpg,dev
train__egg__not_damaged_164_jpg.rf.aeab74f44b77d69cb4884f8a55d4a5b8,/kaggle/input/datasets/swayamsingh48/eggs-s/train/egg/not_damaged_164_jpg.rf.aeab74f44b77d69cb4884f8a55d4a5b8.jpg,/kaggle/input/datasets/swayamsingh48/sam-result/union/train__egg__not_damaged_164_jpg.rf.aeab74f44b77d69cb4884f8a55d4a5b8.png,not_damaged_164_jpg,eval
train__egg__not_damaged_16_jpg.rf.133bb95ee3eacad7aecf2ab4cd1e1ff4,/kaggle/input/datasets/swayamsingh48/eggs-s/train/egg/not_damaged_16_jpg.rf.133bb95ee3eacad7aecf2ab4cd1e1ff4.jpg,/kaggle/input/datasets/swayamsingh48/sam-result/union/train__egg__not_damaged_16_jpg.rf.133bb95ee3eacad7aecf2ab4cd1e1ff4.png,not_damaged_16_jpg,dev
train__egg__not_damaged_17_jpg.rf.7298154b15cab2942d3351120a4337d5,/kaggle/input/datasets/swayamsingh48/eggs-s/train/egg/not_damaged_17_jpg.rf.7298154b15cab2942d3351120a4337d5.jpg,/kaggle/input/datasets/swayamsingh48/sam-result/union/train__egg__not_damaged_17_jpg.rf.7298154b15cab2942d3351120a4337d5.png,not_damaged_17_jpg,dev
train__egg__not_damaged_18_jpg.rf.bc3fb0b05f8e3f72d25ae44db40362c0,/kaggle/input/datasets/swayamsingh48/eggs-s/train/egg/not_damaged_18_jpg.rf.bc3fb0b05f8e3f72d25ae44db40362c0.jpg,/kaggle/input/datasets/swayamsingh48/sam-result/union/train__egg__not_damaged_18_jpg.rf.bc3fb0b05f8e3f72d25ae44db40362c0.png,not_damaged_18_jpg,dev
train__egg__not_damaged_19_jpg.rf.b68555e4ce0c87f7f6a9f9d441a47a08,/kaggle/input/datasets/swayamsingh48/eggs-s/train/egg/not_damaged_19_jpg.rf.b68555e4ce0c87f7f6a9f9d441a47a08.jpg,/kaggle/input/datasets/swayamsingh48/sam-result/union/train__egg__not_damaged_19_jpg.rf.b68555e4ce0c87f7f6a9f9d441a47a08.png,not_damaged_19_jpg,dev
train__egg__not_damaged_20_jpg.rf.5e8498e31e0e596d64f6185f7c56534f,/kaggle/input/datasets/swayamsingh48/eggs-s/train/egg/not_damaged_20_jpg.rf.5e8498e31e0e596d64f6185f7c56534f.jpg,/kaggle/input/datasets/swayamsingh48/sam-result/union/train__egg__not_damaged_20_jpg.rf.5e8498e31e0e596d64f6185f7c56534f.png,not_damaged_20_jpg,dev
train__egg__not_damaged_21_jpg.rf.a584f5d526fa26469cc144a40a3134da,/kaggle/input/datasets/swayamsingh48/eggs-s/train/egg/not_damaged_21_jpg.rf.a584f5d526fa26469cc144a40a3134da.jpg,/kaggle/input/datasets/swayamsingh48/sam-result/union/train__egg__not_damaged_21_jpg.rf.a584f5d526fa26469cc144a40a3134da.png,not_damaged_21_jpg,dev
train__egg__not_damaged_22_jpg.rf.427da4fa2858bf0484b607774c6077c5,/kaggle/input/datasets/swayamsingh48/eggs-s/train/egg/not_damaged_22_jpg.rf.427da4fa2858bf0484b607774c6077c5.jpg,/kaggle/input/datasets/swayamsingh48/sam-result/union/train__egg__not_damaged_22_jpg.rf.427da4fa2858bf0484b607774c6077c5.png,not_damaged_22_jpg,dev
train__egg__not_damaged_24_jpg.rf.a557aeb67c480dc55479509a77b4e160,/kaggle/input/datasets/swayamsingh48/eggs-s/train/egg/not_damaged_24_jpg.rf.a557aeb67c480dc55479509a77b4e160.jpg,/kaggle/input/datasets/swayamsingh48/sam-result/union/train__egg__not_damaged_24_jpg.rf.a557aeb67c480dc55479509a77b4e160.png,not_damaged_24_jpg,eval
train__egg__not_damaged_27_jpg.rf.9eabbf76d6ac2d4caccb38b11e0d28ad,/kaggle/input/datasets/swayamsingh48/eggs-s/train/egg/not_damaged_27_jpg.rf.9eabbf76d6ac2d4caccb38b11e0d28ad.jpg,/kaggle/input/datasets/swayamsingh48/sam-result/union/train__egg__not_damaged_27_jpg.rf.9eabbf76d6ac2d4caccb38b11e0d28ad.png,not_damaged_27_jpg,dev
train__egg__not_damaged_28_jpg.rf.a7e8555e9e2b27a796da5d502582db24,/kaggle/input/datasets/swayamsingh48/eggs-s/train/egg/not_damaged_28_jpg.rf.a7e8555e9e2b27a796da5d502582db24.jpg,/kaggle/input/datasets/swayamsingh48/sam-result/union/train__egg__not_damaged_28_jpg.rf.a7e8555e9e2b27a796da5d502582db24.png,not_damaged_28_jpg,dev
train__egg__not_damaged_29_jpg.rf.b15d563685f9a249436a706a816cec07,/kaggle/input/datasets/swayamsingh48/eggs-s/train/egg/not_damaged_29_jpg.rf.b15d563685f9a249436a706a816cec07.jpg,/kaggle/input/datasets/swayamsingh48/sam-result/union/train__egg__not_damaged_29_jpg.rf.b15d563685f9a249436a706a816cec07.png,not_damaged_29_jpg,dev
train__egg__not_damaged_2_jpg.rf.a4629fbffb9457cd3dda5a1dfc6e5365,/kaggle/input/datasets/swayamsingh48/eggs-s/train/egg/not_damaged_2_jpg.rf.a4629fbffb9457cd3dda5a1dfc6e5365.jpg,/kaggle/input/datasets/swayamsingh48/sam-result/union/train__egg__not_damaged_2_jpg.rf.a4629fbffb9457cd3dda5a1dfc6e5365.png,not_damaged_2_jpg,eval
train__egg__not_damaged_31_jpg.rf.7a5340cc049f94d06b26fa34850535ab,/kaggle/input/datasets/swayamsingh48/eggs-s/train/egg/not_damaged_31_jpg.rf.7a5340cc049f94d06b26fa34850535ab.jpg,/kaggle/input/datasets/swayamsingh48/sam-result/union/train__egg__not_damaged_31_jpg.rf.7a5340cc049f94d06b26fa34850535ab.png,not_damaged_31_jpg,dev
train__egg__not_damaged_32_jpg.rf.15f5702d8602844d8d866d229e674c89,/kaggle/input/datasets/swayamsingh48/eggs-s/train/egg/not_damaged_32_jpg.rf.15f5702d8602844d8d866d229e674c89.jpg,/kaggle/input/datasets/swayamsingh48/sam-result/union/train__egg__not_damaged_32_jpg.rf.15f5702d8602844d8d866d229e674c89.png,not_damaged_32_jpg,eval
train__egg__not_damaged_33_jpg.rf.0d5860269868461da778265b77ee13b2,/kaggle/input/datasets/swayamsingh48/eggs-s/train/egg/not_damaged_33_jpg.rf.0d5860269868461da778265b77ee13b2.jpg,/kaggle/input/datasets/swayamsingh48/sam-result/union/train__egg__not_damaged_33_jpg.rf.0d5860269868461da778265b77ee13b2.png,not_damaged_33_jpg,dev
train__egg__not_damaged_34_jpg.rf.4be2a53f051e4372100c90f2d36ea129,/kaggle/input/datasets/swayamsingh48/eggs-s/train/egg/not_damaged_34_jpg.rf.4be2a53f051e4372100c90f2d36ea129.jpg,/kaggle/input/datasets/swayamsingh48/sam-result/union/train__egg__not_damaged_34_jpg.rf.4be2a53f051e4372100c90f2d36ea129.png,not_damaged_34_jpg,eval
train__egg__not_damaged_35_jpg.rf.fe6e06dca50c525194a8edc282489e2a,/kaggle/input/datasets/swayamsingh48/eggs-s/train/egg/not_damaged_35_jpg.rf.fe6e06dca50c525194a8edc282489e2a.jpg,/kaggle/input/datasets/swayamsingh48/sam-result/union/train__egg__not_damaged_35_jpg.rf.fe6e06dca50c525194a8edc282489e2a.png,not_damaged_35_jpg,dev
train__egg__not_damaged_36_jpg.rf.4968de1c56728d9f7325771e3a7f7e3e,/kaggle/input/datasets/swayamsingh48/eggs-s/train/egg/not_damaged_36_jpg.rf.4968de1c56728d9f7325771e3a7f7e3e.jpg,/kaggle/input/datasets/swayamsingh48/sam-result/union/train__egg__not_damaged_36_jpg.rf.4968de1c56728d9f7325771e3a7f7e3e.png,not_damaged_36_jpg,dev
train__egg__not_damaged_37_jpg.rf.73b8cff8dacc52197fd7fdd958397507,/kaggle/input/datasets/swayamsingh48/eggs-s/train/egg/not_damaged_37_jpg.rf.73b8cff8dacc52197fd7fdd958397507.jpg,/kaggle/input/datasets/swayamsingh48/sam-result/union/train__egg__not_damaged_37_jpg.rf.73b8cff8dacc52197fd7fdd958397507.png,not_damaged_37_jpg,dev
train__egg__not_damaged_39_jpg.rf.81c4c633444db832268298ddae1010d6,/kaggle/input/datasets/swayamsingh48/eggs-s/train/egg/not_damaged_39_jpg.rf.81c4c633444db832268298ddae1010d6.jpg,/kaggle/input/datasets/swayamsingh48/sam-result/union/train__egg__not_damaged_39_jpg.rf.81c4c633444db832268298ddae1010d6.png,not_damaged_39_jpg,dev
train__egg__not_damaged_3_jpg.rf.d68fc8de8607c2495eb8c832c1e24078,/kaggle/input/datasets/swayamsingh48/eggs-s/train/egg/not_damaged_3_jpg.rf.d68fc8de8607c2495eb8c832c1e24078.jpg,/kaggle/input/datasets/swayamsingh48/sam-result/union/train__egg__not_damaged_3_jpg.rf.d68fc8de8607c2495eb8c832c1e24078.png,not_damaged_3_jpg,dev
train__egg__not_damaged_41_jpg.rf.630408063dc3fdfa9a9a7f49e1c1d93c,/kaggle/input/datasets/swayamsingh48/eggs-s/train/egg/not_damaged_41_jpg.rf.630408063dc3fdfa9a9a7f49e1c1d93c.jpg,/kaggle/input/datasets/swayamsingh48/sam-result/union/train__egg__not_damaged_41_jpg.rf.630408063dc3fdfa9a9a7f49e1c1d93c.png,not_damaged_41_jpg,eval
train__egg__not_damaged_42_jpg.rf.6626de5325fbf9ad4fec739b2a4e29f3,/kaggle/input/datasets/swayamsingh48/eggs-s/train/egg/not_damaged_42_jpg.rf.6626de5325fbf9ad4fec739b2a4e29f3.jpg,/kaggle/input/datasets/swayamsingh48/sam-result/union/train__egg__not_damaged_42_jpg.rf.6626de5325fbf9ad4fec739b2a4e29f3.png,not_damaged_42_jpg,eval
train__egg__not_damaged_44_jpg.rf.a4dbaabec5b64e4c34d874a6870964be,/kaggle/input/datasets/swayamsingh48/eggs-s/train/egg/not_damaged_44_jpg.rf.a4dbaabec5b64e4c34d874a6870964be.jpg,/kaggle/input/datasets/swayamsingh48/sam-result/union/train__egg__not_damaged_44_jpg.rf.a4dbaabec5b64e4c34d874a6870964be.png,not_damaged_44_jpg,eval
train__egg__not_damaged_49_jpg.rf.78a86245d3715c60d39d47045a323711,/kaggle/input/datasets/swayamsingh48/eggs-s/train/egg/not_damaged_49_jpg.rf.78a86245d3715c60d39d47045a323711.jpg,/kaggle/input/datasets/swayamsingh48/sam-result/union/train__egg__not_damaged_49_jpg.rf.78a86245d3715c60d39d47045a323711.png,not_damaged_49_jpg,eval
train__egg__not_damaged_50_jpg.rf.b9e65c2fcdb435269f67c9d7ade8ca89,/kaggle/input/datasets/swayamsingh48/eggs-s/train/egg/not_damaged_50_jpg.rf.b9e65c2fcdb435269f67c9d7ade8ca89.jpg,/kaggle/input/datasets/swayamsingh48/sam-result/union/train__egg__not_damaged_50_jpg.rf.b9e65c2fcdb435269f67c9d7ade8ca89.png,not_damaged_50_jpg,dev
train__egg__not_damaged_52_jpg.rf.d62840582d63156f7e346b41ab8895d5,/kaggle/input/datasets/swayamsingh48/eggs-s/train/egg/not_damaged_52_jpg.rf.d62840582d63156f7e346b41ab8895d5.jpg,/kaggle/input/datasets/swayamsingh48/sam-result/union/train__egg__not_damaged_52_jpg.rf.d62840582d63156f7e346b41ab8895d5.png,not_damaged_52_jpg,dev
train__egg__not_damaged_55_jpg.rf.73873084ba51dd4e5ab40033b6003190,/kaggle/input/datasets/swayamsingh48/eggs-s/train/egg/not_damaged_55_jpg.rf.73873084ba51dd4e5ab40033b6003190.jpg,/kaggle/input/datasets/swayamsingh48/sam-result/union/train__egg__not_damaged_55_jpg.rf.73873084ba51dd4e5ab40033b6003190.png,not_damaged_55_jpg,eval
train__egg__not_damaged_5_jpg.rf.395cc7ec9b988f25e77e403ef537737e,/kaggle/input/datasets/swayamsingh48/eggs-s/train/egg/not_damaged_5_jpg.rf.395cc7ec9b988f25e77e403ef537737e.jpg,/kaggle/input/datasets/swayamsingh48/sam-result/union/train__egg__not_damaged_5_jpg.rf.395cc7ec9b988f25e77e403ef537737e.png,not_damaged_5_jpg,dev
train__egg__not_damaged_62_jpg.rf.f34bc5162dc72f41ba60d3f5056cc49b,/kaggle/input/datasets/swayamsingh48/eggs-s/train/egg/not_damaged_62_jpg.rf.f34bc5162dc72f41ba60d3f5056cc49b.jpg,/kaggle/input/datasets/swayamsingh48/sam-result/union/train__egg__not_damaged_62_jpg.rf.f34bc5162dc72f41ba60d3f5056cc49b.png,not_damaged_62_jpg,dev
train__egg__not_damaged_95_jpg.rf.0806f2b78a5bc571cd36453998060b58,/kaggle/input/datasets/swayamsingh48/eggs-s/train/egg/not_damaged_95_jpg.rf.0806f2b78a5bc571cd36453998060b58.jpg,/kaggle/input/datasets/swayamsingh48/sam-result/union/train__egg__not_damaged_95_jpg.rf.0806f2b78a5bc571cd36453998060b58.png,not_damaged_95_jpg,dev
valid__egg__not_damaged_102_jpg.rf.8d754cbc174c6cb6fb1b5c1929edcbb1,/kaggle/input/datasets/swayamsingh48/eggs-s/valid/egg/not_damaged_102_jpg.rf.8d754cbc174c6cb6fb1b5c1929edcbb1.jpg,/kaggle/input/datasets/swayamsingh48/sam-result/union/valid__egg__not_damaged_102_jpg.rf.8d754cbc174c6cb6fb1b5c1929edcbb1.png,not_damaged_102_jpg,dev
valid__egg__not_damaged_107_jpg.rf.8497e164672ad2319ef9ea157023304e,/kaggle/input/datasets/swayamsingh48/eggs-s/valid/egg/not_damaged_107_jpg.rf.8497e164672ad2319ef9ea157023304e.jpg,/kaggle/input/datasets/swayamsingh48/sam-result/union/valid__egg__not_damaged_107_jpg.rf.8497e164672ad2319ef9ea157023304e.png,not_damaged_107_jpg,dev
valid__egg__not_damaged_109_jpg.rf.4d74eb94b1d03ebd3e7c442e58699304,/kaggle/input/datasets/swayamsingh48/eggs-s/valid/egg/not_damaged_109_jpg.rf.4d74eb94b1d03ebd3e7c442e58699304.jpg,/kaggle/input/datasets/swayamsingh48/sam-result/union/valid__egg__not_damaged_109_jpg.rf.4d74eb94b1d03ebd3e7c442e58699304.png,not_damaged_109_jpg,dev
valid__egg__not_damaged_115_jpg.rf.5e04f25a50022be8a5f0dbcfe42bc26f,/kaggle/input/datasets/swayamsingh48/eggs-s/valid/egg/not_damaged_115_jpg.rf.5e04f25a50022be8a5f0dbcfe42bc26f.jpg,/kaggle/input/datasets/swayamsingh48/sam-result/union/valid__egg__not_damaged_115_jpg.rf.5e04f25a50022be8a5f0dbcfe42bc26f.png,not_damaged_115_jpg,dev
valid__egg__not_damaged_119_jpg.rf.6758625c4b939166ca105d0509fc569e,/kaggle/input/datasets/swayamsingh48/eggs-s/valid/egg/not_damaged_119_jpg.rf.6758625c4b939166ca105d0509fc569e.jpg,/kaggle/input/datasets/swayamsingh48/sam-result/union/valid__egg__not_damaged_119_jpg.rf.6758625c4b939166ca105d0509fc569e.png,not_damaged_119_jpg,dev
valid__egg__not_damaged_11_jpg.rf.95e1bc4944748cfd1a56fe23a42b6ae8,/kaggle/input/datasets/swayamsingh48/eggs-s/valid/egg/not_damaged_11_jpg.rf.95e1bc4944748cfd1a56fe23a42b6ae8.jpg,/kaggle/input/datasets/swayamsingh48/sam-result/union/valid__egg__not_damaged_11_jpg.rf.95e1bc4944748cfd1a56fe23a42b6ae8.png,not_damaged_11_jpg,dev
valid__egg__not_damaged_120_jpg.rf.dfe91ad8ce891c84e495a8d59bbe01f5,/kaggle/input/datasets/swayamsingh48/eggs-s/valid/egg/not_damaged_120_jpg.rf.dfe91ad8ce891c84e495a8d59bbe01f5.jpg,/kaggle/input/datasets/swayamsingh48/sam-result/union/valid__egg__not_damaged_120_jpg.rf.dfe91ad8ce891c84e495a8d59bbe01f5.png,not_damaged_120_jpg,dev
valid__egg__not_damaged_122_jpg.rf.b44d8e5a76cadeff9b2d8eaa85309d09,/kaggle/input/datasets/swayamsingh48/eggs-s/valid/egg/not_damaged_122_jpg.rf.b44d8e5a76cadeff9b2d8eaa85309d09.jpg,/kaggle/input/datasets/swayamsingh48/sam-result/union/valid__egg__not_damaged_122_jpg.rf.b44d8e5a76cadeff9b2d8eaa85309d09.png,not_damaged_122_jpg,dev
valid__egg__not_damaged_126_jpg.rf.2c3342cf9ca7ab55f6682ef198e98bbd,/kaggle/input/datasets/swayamsingh48/eggs-s/valid/egg/not_damaged_126_jpg.rf.2c3342cf9ca7ab55f6682ef198e98bbd.jpg,/kaggle/input/datasets/swayamsingh48/sam-result/union/valid__egg__not_damaged_126_jpg.rf.2c3342cf9ca7ab55f6682ef198e98bbd.png,not_damaged_126_jpg,eval
valid__egg__not_damaged_130_jpg.rf.7289d26d022f33aa74b3517f40d6a127,/kaggle/input/datasets/swayamsingh48/eggs-s/valid/egg/not_damaged_130_jpg.rf.7289d26d022f33aa74b3517f40d6a127.jpg,/kaggle/input/datasets/swayamsingh48/sam-result/union/valid__egg__not_damaged_130_jpg.rf.7289d26d022f33aa74b3517f40d6a127.png,not_damaged_130_jpg,dev
valid__egg__not_damaged_133_jpg.rf.a386f448c321cfb45a902bab446a0536,/kaggle/input/datasets/swayamsingh48/eggs-s/valid/egg/not_damaged_133_jpg.rf.a386f448c321cfb45a902bab446a0536.jpg,/kaggle/input/datasets/swayamsingh48/sam-result/union/valid__egg__not_damaged_133_jpg.rf.a386f448c321cfb45a902bab446a0536.png,not_damaged_133_jpg,dev
valid__egg__not_damaged_136_jpg.rf.b91466d91f3e0005beb0e42acc9d5b83,/kaggle/input/datasets/swayamsingh48/eggs-s/valid/egg/not_damaged_136_jpg.rf.b91466d91f3e0005beb0e42acc9d5b83.jpg,/kaggle/input/datasets/swayamsingh48/sam-result/union/valid__egg__not_damaged_136_jpg.rf.b91466d91f3e0005beb0e42acc9d5b83.png,not_damaged_136_jpg,dev
valid__egg__not_damaged_140_jpg.rf.5a28b6a69e229bf384854ec1e98b3f19,/kaggle/input/datasets/swayamsingh48/eggs-s/valid/egg/not_damaged_140_jpg.rf.5a28b6a69e229bf384854ec1e98b3f19.jpg,/kaggle/input/datasets/swayamsingh48/sam-result/union/valid__egg__not_damaged_140_jpg.rf.5a28b6a69e229bf384854ec1e98b3f19.png,not_damaged_140_jpg,dev
valid__egg__not_damaged_143_jpg.rf.ddf38df15f549405285b01245a2ace36,/kaggle/input/datasets/swayamsingh48/eggs-s/valid/egg/not_damaged_143_jpg.rf.ddf38df15f549405285b01245a2ace36.jpg,/kaggle/input/datasets/swayamsingh48/sam-result/union/valid__egg__not_damaged_143_jpg.rf.ddf38df15f549405285b01245a2ace36.png,not_damaged_143_jpg,dev
valid__egg__not_damaged_147_jpg.rf.f96813b608c83c8ca5fadbe68c1eefdb,/kaggle/input/datasets/swayamsingh48/eggs-s/valid/egg/not_damaged_147_jpg.rf.f96813b608c83c8ca5fadbe68c1eefdb.jpg,/kaggle/input/datasets/swayamsingh48/sam-result/union/valid__egg__not_damaged_147_jpg.rf.f96813b608c83c8ca5fadbe68c1eefdb.png,not_damaged_147_jpg,dev
valid__egg__not_damaged_149_jpg.rf.c3c35299246e8c667ee33f02855a6e99,/kaggle/input/datasets/swayamsingh48/eggs-s/valid/egg/not_damaged_149_jpg.rf.c3c35299246e8c667ee33f02855a6e99.jpg,/kaggle/input/datasets/swayamsingh48/sam-result/union/valid__egg__not_damaged_149_jpg.rf.c3c35299246e8c667ee33f02855a6e99.png,not_damaged_149_jpg,dev
valid__egg__not_damaged_150_jpg.rf.c58ad3cfc0417f557be06b685008bb60,/kaggle/input/datasets/swayamsingh48/eggs-s/valid/egg/not_damaged_150_jpg.rf.c58ad3cfc0417f557be06b685008bb60.jpg,/kaggle/input/datasets/swayamsingh48/sam-result/union/valid__egg__not_damaged_150_jpg.rf.c58ad3cfc0417f557be06b685008bb60.png,not_damaged_150_jpg,dev
valid__egg__not_damaged_158_jpg.rf.344b69defda5c12d2f73f77ab479c93c,/kaggle/input/datasets/swayamsingh48/eggs-s/valid/egg/not_damaged_158_jpg.rf.344b69defda5c12d2f73f77ab479c93c.jpg,/kaggle/input/datasets/swayamsingh48/sam-result/union/valid__egg__not_damaged_158_jpg.rf.344b69defda5c12d2f73f77ab479c93c.png,not_damaged_158_jpg,dev
valid__egg__not_damaged_25_jpg.rf.9a2e0ec799b7cfe4b89e93c2bdf7896f,/kaggle/input/datasets/swayamsingh48/eggs-s/valid/egg/not_damaged_25_jpg.rf.9a2e0ec799b7cfe4b89e93c2bdf7896f.jpg,/kaggle/input/datasets/swayamsingh48/sam-result/union/valid__egg__not_damaged_25_jpg.rf.9a2e0ec799b7cfe4b89e93c2bdf7896f.png,not_damaged_25_jpg,dev
valid__egg__not_damaged_40_jpg.rf.71ddd6e202abb9dd3dd4721b6d408cba,/kaggle/input/datasets/swayamsingh48/eggs-s/valid/egg/not_damaged_40_jpg.rf.71ddd6e202abb9dd3dd4721b6d408cba.jpg,/kaggle/input/datasets/swayamsingh48/sam-result/union/valid__egg__not_damaged_40_jpg.rf.71ddd6e202abb9dd3dd4721b6d408cba.png,not_damaged_40_jpg,dev
valid__egg__not_damaged_45_jpg.rf.afe41bdac424f6a6b81d8a809fdf73e0,/kaggle/input/datasets/swayamsingh48/eggs-s/valid/egg/not_damaged_45_jpg.rf.afe41bdac424f6a6b81d8a809fdf73e0.jpg,/kaggle/input/datasets/swayamsingh48/sam-result/union/valid__egg__not_damaged_45_jpg.rf.afe41bdac424f6a6b81d8a809fdf73e0.png,not_damaged_45_jpg,eval
valid__egg__not_damaged_6_jpg.rf.1b79fa07c23ef838f19c9a226c9022f5,/kaggle/input/datasets/swayamsingh48/eggs-s/valid/egg/not_damaged_6_jpg.rf.1b79fa07c23ef838f19c9a226c9022f5.jpg,/kaggle/input/datasets/swayamsingh48/sam-result/union/valid__egg__not_damaged_6_jpg.rf.1b79fa07c23ef838f19c9a226c9022f5.png,not_damaged_6_jpg,dev
